record_id,accession,current_work_status,scope_relation,new_accepted_package,new_acceptance_sha256,included_packages
readiness:1:GSE127952,GSE127952,COMPLETED_SCOPED,EXISTING_PROJECT_SCOPE,,,
readiness:2:GSE135635,GSE135635,COMPLETED_SCOPED,EXISTING_PROJECT_SCOPE,,,
readiness:3:GSE154926,GSE154926,COMPLETED_SCOPED,EXISTING_PROJECT_SCOPE,,,
readiness:4:GSE159574,GSE159574,COMPLETED_SCOPED,EXISTING_PROJECT_SCOPE,,,
readiness:5:GSE164885,GSE164885,COMPLETED_SCOPED,EXISTING_PROJECT_SCOPE,,,
readiness:6:GSE23117,GSE23117,COMPLETED_SCOPED,EXISTING_PROJECT_SCOPE,,,
readiness:7:GSE40611,GSE40611,COMPLETED_SCOPED,EXISTING_PROJECT_SCOPE,,,
readiness:8:GSE84844,GSE84844,COMPLETED_SCOPED,EXISTING_PROJECT_SCOPE,,,
readiness:9:GSE298850,GSE298850,BLOCKED_INPUT_OR_DESIGN,EXISTING_PROJECT_SCOPE,,,
readiness:10:GSE272409,GSE272409,PARTIAL_INFERENCE_COMPLETE_CELLTYPE_HELD,EXISTING_PROJECT_SCOPE,,,GSE272409_Captured_Mixture_20261008_v1
readiness:11:GSE157278,GSE157278,BLOCKED_INPUT_OR_DESIGN,EXISTING_PROJECT_SCOPE,,,
readiness:12:GSE173670,GSE173670,COMPLETED_SCOPED,EXISTING_PROJECT_SCOPE,,,GSE173670_VST_Exploratory_20261007_v1
readiness:13:GSE199868,GSE199868,COMPLETED_SCOPED,EXISTING_PROJECT_SCOPE,,,GSE199868_VST_Exploratory_20261007_v1
readiness:14:GSE200020,GSE200020,COMPLETED_SCOPED,EXISTING_PROJECT_SCOPE,,,GSE200020_Discovery_VST_Exploratory_20261007_v1;GSE200020_Replication_VST_Exploratory_20261007_v1
readiness:15:GSE157159,GSE157159,BLOCKED_INPUT_OR_DESIGN,EXISTING_PROJECT_SCOPE,,,
readiness:16:GSE145065,GSE145065,BLOCKED_INPUT_OR_DESIGN,EXISTING_PROJECT_SCOPE,,,
readiness:17:OMIX011039,OMIX011039,BLOCKED_INPUT_OR_DESIGN,EXISTING_PROJECT_SCOPE,,,
readiness:18:GSE331212,GSE331212,REFERENCE_INFERENCE_COMPLETED_WITH_LIMITATIONS,PRIORITY_PROSPECTIVE_REFERENCE,GSE331212_Dp16_Reference_20261007_v1,8559213c333d310be1eaeac4f655e4778b18e3ed53fe8301afd6254aa3b4fa14,GSE331212_Dp16_Reference_20261007_v1
readiness:19:GSE320144,GSE320144,BLOCKED_INPUT_OR_DESIGN,EXISTING_PROJECT_SCOPE,,,
readiness:20:GSE318852,GSE318852,BLOCKED_INPUT_OR_DESIGN,EXISTING_PROJECT_SCOPE,,,
readiness:21:GSE314772,GSE314772,BLOCKED_INPUT_OR_DESIGN,EXISTING_PROJECT_SCOPE,,,
readiness:22:GSE312709,GSE312709,BLOCKED_INPUT_OR_DESIGN,EXISTING_PROJECT_SCOPE,,,
readiness:23:GSE312237,GSE312237,BLOCKED_INPUT_OR_DESIGN,EXISTING_PROJECT_SCOPE,,,
readiness:24:GSE311496,GSE311496,BLOCKED_INPUT_OR_DESIGN,EXISTING_PROJECT_SCOPE,,,
readiness:25:GSE309371,GSE309371,BLOCKED_INPUT_OR_DESIGN,EXISTING_PROJECT_SCOPE,GSE309371_Author_Statistics_20261008_v1,6d8cc11f943e33a3cf2b9311eda75a35d5582f5940d121d9ad82584f211e5edc,
readiness:26:GSE308691,GSE308691,BLOCKED_INPUT_OR_DESIGN,EXISTING_PROJECT_SCOPE,,,
readiness:27:GSE308514,GSE308514,BLOCKED_INPUT_OR_DESIGN,EXISTING_PROJECT_SCOPE,,,
readiness:28:GSE308513,GSE308513,BLOCKED_INPUT_OR_DESIGN,EXISTING_PROJECT_SCOPE,,,
readiness:29:GSE307781,GSE307781,BLOCKED_INPUT_OR_DESIGN,EXISTING_PROJECT_SCOPE,,,
readiness:30:GSE306385,GSE306385,BLOCKED_INPUT_OR_DESIGN,EXISTING_PROJECT_SCOPE,,,
readiness:31:GSE305188,GSE305188,BLOCKED_INPUT_OR_DESIGN,EXISTING_PROJECT_SCOPE,,,
readiness:32:GSE303018,GSE303018,BLOCKED_INPUT_OR_DESIGN,EXISTING_PROJECT_SCOPE,,,
readiness:33:GSE302883,GSE302883,BLOCKED_INPUT_OR_DESIGN,EXISTING_PROJECT_SCOPE,,,
readiness:34:GSE301244,GSE301244,REFERENCE_QUESTION_NOT_FIT_CLEARED,LOW_PRIORITY_GENERIC_IMMUNE_CELL_REFERENCE,,,
readiness:35:GSE299540,GSE299540,REFERENCE_INFERENCE_COMPLETED_WITH_LIMITATIONS,PRIORITY_PROSPECTIVE_REFERENCE,GSE299540_DIORA1_Reference_20261007_v1,944a9233fcdf0150b24bfc430187cdde2e5fd77187fbf17e86316512a259ccf3,GSE299540_DIORA1_Reference_20261007_v1
readiness:36:GSE298921,GSE298921,BLOCKED_INPUT_OR_DESIGN,EXISTING_PROJECT_SCOPE,,,
readiness:37:GSE294030,GSE294030,BLOCKED_INPUT_OR_DESIGN,EXISTING_PROJECT_SCOPE,,,
readiness:38:GSE292271,GSE292271,BLOCKED_INPUT_OR_DESIGN,EXISTING_PROJECT_SCOPE,,,
readiness:39:GSE290921,GSE290921,REFERENCE_QUESTION_NOT_FIT_CLEARED,CROSS_DISEASE_CONTEXT,,,
readiness:40:GSE290595,GSE290595,BLOCKED_INPUT_OR_DESIGN,EXISTING_PROJECT_SCOPE,,,
readiness:41:GSE287797,GSE287797,REFERENCE_DESCRIPTION_COMPLETED_WITH_LIMITATIONS,DIRECT_GLAND_INJURY_REFERENCE_NOT_LIGHTWEIGHT,GSE287797_Library_Descriptive_20261008_v1,b8757937f4c0852611ab3c07de01bd1499181bb8e3e9735d4d6b88713176c4eb,
readiness:42:GSE286504,GSE286504,BLOCKED_INPUT_OR_DESIGN,EXISTING_PROJECT_SCOPE,,,
readiness:43:GSE286503,GSE286503,BLOCKED_INPUT_OR_DESIGN,EXISTING_PROJECT_SCOPE,,,
readiness:44:GSE286502,GSE286502,BLOCKED_INPUT_OR_DESIGN,EXISTING_PROJECT_SCOPE,,,
readiness:45:GSE285438,GSE285438,BLOCKED_INPUT_OR_DESIGN,EXISTING_PROJECT_SCOPE,,,
readiness:46:GSE284327,GSE284327,BLOCKED_INPUT_OR_DESIGN,EXISTING_PROJECT_SCOPE,,,
readiness:47:GSE281719,GSE281719,BLOCKED_INPUT_OR_DESIGN,EXISTING_PROJECT_SCOPE,,,
readiness:48:GSE279818,GSE279818,BLOCKED_INPUT_OR_DESIGN,EXISTING_PROJECT_SCOPE,,,
readiness:49:GSE277117,GSE277117,REFERENCE_QUESTION_NOT_FIT_CLEARED,CROSS_DISEASE_CONTEXT,,,
readiness:50:GSE276800,GSE276800,BLOCKED_INPUT_OR_DESIGN,EXISTING_PROJECT_SCOPE,,,
readiness:51:GSE273098,GSE273098,BLOCKED_INPUT_OR_DESIGN,EXISTING_PROJECT_SCOPE,,,
readiness:52:GSE273095,GSE273095,BLOCKED_INPUT_OR_DESIGN,EXISTING_PROJECT_SCOPE,,,
readiness:53:GSE272410,GSE272410,BLOCKED_INPUT_OR_DESIGN,EXISTING_PROJECT_SCOPE,,,
readiness:54:GSE269883,GSE269883,COMPLETED_SCOPED,EXISTING_PROJECT_SCOPE,,,
readiness:55:GSE268532,GSE268532,BLOCKED_INPUT_OR_DESIGN,EXISTING_PROJECT_SCOPE,,,
readiness:56:GSE255215,GSE255215,BLOCKED_INPUT_OR_DESIGN,EXISTING_PROJECT_SCOPE,,,
readiness:57:GSE253568,GSE253568,COMPLETED_SCOPED,EXISTING_PROJECT_SCOPE,,,
readiness:58:GSE253188,GSE253188,COMPLETED_SCOPED,EXISTING_PROJECT_SCOPE,,,
readiness:59:GSE252724,GSE252724,BLOCKED_INPUT_OR_DESIGN,EXISTING_PROJECT_SCOPE,,,
readiness:60:GSE251691,GSE251691,BLOCKED_INPUT_OR_DESIGN,EXISTING_PROJECT_SCOPE,,,
readiness:61:GSE250369,GSE250369,BLOCKED_INPUT_OR_DESIGN,EXISTING_PROJECT_SCOPE,,,
readiness:62:GSE249144,GSE249144,BLOCKED_INPUT_OR_DESIGN,EXISTING_PROJECT_SCOPE,,,
readiness:63:GSE247662,GSE247662,COMPLETED_SCOPED,EXISTING_PROJECT_SCOPE,,,
readiness:64:GSE243061,GSE243061,BLOCKED_INPUT_OR_DESIGN,EXISTING_PROJECT_SCOPE,,,
readiness:65:GSE241099,GSE241099,REFERENCE_QUESTION_NOT_FIT_CLEARED,MODALITY_SPECIFIC_MECHANISM_REFERENCE,,,
readiness:66:GSE239460,GSE239460,BLOCKED_INPUT_OR_DESIGN,EXISTING_PROJECT_SCOPE,,,
readiness:67:GSE239459,GSE239459,BLOCKED_INPUT_OR_DESIGN,EXISTING_PROJECT_SCOPE,,,
readiness:68:GSE239458,GSE239458,BLOCKED_INPUT_OR_DESIGN,EXISTING_PROJECT_SCOPE,,,
readiness:69:GSE236255,GSE236255,BLOCKED_INPUT_OR_DESIGN,EXISTING_PROJECT_SCOPE,,,
readiness:70:GSE236254,GSE236254,BLOCKED_INPUT_OR_DESIGN,EXISTING_PROJECT_SCOPE,,,
readiness:71:GSE231993,GSE231993,REFERENCE_QUESTION_NOT_FIT_CLEARED,CROSS_DISEASE_CONTEXT,,,
readiness:72:GSE225460,GSE225460,REFERENCE_DESCRIPTION_COMPLETED_WITH_LIMITATIONS,CROSS_DISEASE_CONTEXT,GSE225460_Oral_Mucosa_Descriptive_20261008_v1,ba3f80afeef702513f28de8003fbb63dc915553e45d0639a84fe6c4ef297afa5,
readiness:73:GSE222336,GSE222336,OUTSIDE_SCOPE,RETAIN_NO_JUSTIFIED_REFERENCE,,,
readiness:74:GSE222325,GSE222325,BLOCKED_INPUT_OR_DESIGN,EXISTING_PROJECT_SCOPE,,,
readiness:75:GSE221412,GSE221412,BLOCKED_INPUT_OR_DESIGN,EXISTING_PROJECT_SCOPE,,,
readiness:76:GSE216815,GSE216815,OUTSIDE_SCOPE,RETAIN_NO_JUSTIFIED_REFERENCE,,,
readiness:77:GSE214974,GSE214974,COMPLETED_SCOPED,EXISTING_PROJECT_SCOPE,,,
readiness:78:GSE214695,GSE214695,REFERENCE_QUESTION_NOT_FIT_CLEARED,CROSS_DISEASE_CONTEXT,,,
readiness:79:GSE212467,GSE212467,BLOCKED_INPUT_OR_DESIGN,EXISTING_PROJECT_SCOPE,,,
readiness:80:GSE210137,GSE210137,OUTSIDE_SCOPE,RETAIN_NO_JUSTIFIED_REFERENCE,,,
readiness:81:GSE208260,GSE208260,BLOCKED_INPUT_OR_DESIGN,EXISTING_PROJECT_SCOPE,,,
readiness:82:GSE202712,GSE202712,REFERENCE_QUESTION_NOT_FIT_CLEARED,LOW_PRIORITY_PERTURBATION_REFERENCE,,,
readiness:83:GSE199497,GSE199497,BLOCKED_INPUT_OR_DESIGN,EXISTING_PROJECT_SCOPE,,,
readiness:84:GSE195642,GSE195642,OUTSIDE_SCOPE,RETAIN_NO_JUSTIFIED_REFERENCE,,,
readiness:85:GSE194315,GSE194315,REFERENCE_QUESTION_NOT_FIT_CLEARED,CROSS_DISEASE_CONTEXT,,,
readiness:86:GSE194263,GSE194263,BLOCKED_INPUT_OR_DESIGN,EXISTING_PROJECT_SCOPE,,,
readiness:87:GSE194234,GSE194234,BLOCKED_INPUT_OR_DESIGN,EXISTING_PROJECT_SCOPE,,,
readiness:88:GSE192985,GSE192985,REFERENCE_QUESTION_NOT_FIT_CLEARED,MIXED_DISEASE_POOL_REFERENCE_ONLY,,,
readiness:89:GSE188734,GSE188734,BLOCKED_INPUT_OR_DESIGN,EXISTING_PROJECT_SCOPE,,,
readiness:90:GSE188478,GSE188478,BLOCKED_INPUT_OR_DESIGN,EXISTING_PROJECT_SCOPE,,,
readiness:91:GSE185710,GSE185710,REFERENCE_QUESTION_NOT_FIT_CLEARED,CROSS_DISEASE_STROMAL_REFERENCE,,,
readiness:92:GSE185696,GSE185696,REFERENCE_QUESTION_NOT_FIT_CLEARED,CROSS_DISEASE_STROMAL_REFERENCE,,,
readiness:93:GSE180785,GSE180785,REFERENCE_QUESTION_NOT_FIT_CLEARED,EXPOSURE_MICROBIOME_REFERENCE,,,
readiness:94:GSE179654,GSE179654,BLOCKED_INPUT_OR_DESIGN,EXISTING_PROJECT_SCOPE,,,
readiness:95:GSE176510,GSE176510,COMPLETED_SCOPED,EXISTING_PROJECT_SCOPE,,,GSE176510_RCC_Exploratory_20261007_v1
readiness:96:GSE176390,GSE176390,BLOCKED_INPUT_OR_DESIGN,EXISTING_PROJECT_SCOPE,,,
readiness:97:GSE175709,GSE175709,BLOCKED_INPUT_OR_DESIGN,EXISTING_PROJECT_SCOPE,,,
readiness:98:GSE175649,GSE175649,BLOCKED_INPUT_OR_DESIGN,EXISTING_PROJECT_SCOPE,,,
readiness:99:GSE173808,GSE173808,BLOCKED_INPUT_OR_DESIGN,EXISTING_PROJECT_SCOPE,,,
readiness:100:GSE173635,GSE173635,COMPLETED_SCOPED,EXISTING_PROJECT_SCOPE,,,GSE173635_CCR9plus_VST_Exploratory_20261007_v1;GSE173635_CXCR5plus_VST_Exploratory_20261007_v1;GSE173635_DN_VST_Exploratory_20261007_v1
readiness:101:GSE171896,GSE171896,BLOCKED_INPUT_OR_DESIGN,EXISTING_PROJECT_SCOPE,,,
readiness:102:GSE171043,GSE171043,BLOCKED_INPUT_OR_DESIGN,EXISTING_PROJECT_SCOPE,,,
readiness:103:GSE168148,GSE168148,BLOCKED_INPUT_OR_DESIGN,EXISTING_PROJECT_SCOPE,,,
readiness:104:GSE166373,GSE166373,BLOCKED_INPUT_OR_DESIGN,EXISTING_PROJECT_SCOPE,,,
readiness:105:GSE166248,GSE166248,BLOCKED_INPUT_OR_DESIGN,EXISTING_PROJECT_SCOPE,,,
readiness:106:GSE165515,GSE165515,BLOCKED_INPUT_OR_DESIGN,EXISTING_PROJECT_SCOPE,,,
readiness:107:GSE163395,GSE163395,BLOCKED_INPUT_OR_DESIGN,EXISTING_PROJECT_SCOPE,,,
readiness:108:GSE162992,GSE162992,BLOCKED_INPUT_OR_DESIGN,EXISTING_PROJECT_SCOPE,,,
readiness:109:GSE162792,GSE162792,OUTSIDE_SCOPE,RETAIN_NO_JUSTIFIED_REFERENCE,,,
readiness:110:GSE157669,GSE157669,COMPLETED_SCOPED,EXISTING_PROJECT_SCOPE,,,
readiness:111:GSE150771,GSE150771,COMPLETED_SCOPED,EXISTING_PROJECT_SCOPE,,,GSE150771_Culture_Exploratory_20261007_v1
readiness:112:GSE148966,GSE148966,BLOCKED_INPUT_OR_DESIGN,EXISTING_PROJECT_SCOPE,,,
readiness:113:GSE146116,GSE146116,BLOCKED_INPUT_OR_DESIGN,EXISTING_PROJECT_SCOPE,,,
readiness:114:GSE143153,GSE143153,BLOCKED_INPUT_OR_DESIGN,EXISTING_PROJECT_SCOPE,,,
readiness:115:GSE140161,GSE140161,COMPLETED_SCOPED,EXISTING_PROJECT_SCOPE,,,GSE140161_AntiSSA_Exploratory_20261007_v1
readiness:116:GSE136402,GSE136402,BLOCKED_INPUT_OR_DESIGN,EXISTING_PROJECT_SCOPE,,,
readiness:117:GSE135809,GSE135809,BLOCKED_INPUT_OR_DESIGN,EXISTING_PROJECT_SCOPE,,,
readiness:118:GSE132842,GSE132842,BLOCKED_INPUT_OR_DESIGN,EXISTING_PROJECT_SCOPE,,,
readiness:119:GSE132420,GSE132420,BLOCKED_INPUT_OR_DESIGN,EXISTING_PROJECT_SCOPE,,,
readiness:120:GSE131989,GSE131989,REFERENCE_QUESTION_NOT_FIT_CLEARED,CROSS_DISEASE_EPIGENETIC_REFERENCE,,,
readiness:121:GSE127187,GSE127187,OUTSIDE_SCOPE,RETAIN_NO_JUSTIFIED_REFERENCE,,,
readiness:122:GSE126187,GSE126187,OUTSIDE_SCOPE,RETAIN_NO_JUSTIFIED_REFERENCE,,,
readiness:123:GSE125527,GSE125527,REFERENCE_QUESTION_NOT_FIT_CLEARED,CROSS_DISEASE_CONTEXT,,,
readiness:124:GSE123332,GSE123332,BLOCKED_INPUT_OR_DESIGN,EXISTING_PROJECT_SCOPE,,,
readiness:125:GSE121699,GSE121699,BLOCKED_INPUT_OR_DESIGN,EXISTING_PROJECT_SCOPE,,,
readiness:126:GSE110816,GSE110816,BLOCKED_INPUT_OR_DESIGN,EXISTING_PROJECT_SCOPE,,,
readiness:127:GSE110007,GSE110007,BLOCKED_INPUT_OR_DESIGN,EXISTING_PROJECT_SCOPE,,,
readiness:128:GSE108918,GSE108918,BLOCKED_INPUT_OR_DESIGN,EXISTING_PROJECT_SCOPE,,,
readiness:129:GSE97905,GSE97905,BLOCKED_INPUT_OR_DESIGN,EXISTING_PROJECT_SCOPE,,,
readiness:130:GSE97614,GSE97614,COMPLETED_SCOPED,EXISTING_PROJECT_SCOPE,,,
readiness:131:GSE94510,GSE94510,COMPLETED_SCOPED,EXISTING_PROJECT_SCOPE,,,
readiness:132:GSE93683,GSE93683,COMPLETED_SCOPED,EXISTING_PROJECT_SCOPE,,,
readiness:133:GSE92472,GSE92472,BLOCKED_INPUT_OR_DESIGN,EXISTING_PROJECT_SCOPE,,,
readiness:134:GSE87466,GSE87466,REFERENCE_QUESTION_NOT_FIT_CLEARED,CROSS_DISEASE_CONTEXT,,,
readiness:135:GSE83862,GSE83862,BLOCKED_INPUT_OR_DESIGN,EXISTING_PROJECT_SCOPE,,,
readiness:136:GSE83558,GSE83558,COMPLETED_SCOPED,EXISTING_PROJECT_SCOPE,,,
readiness:137:GSE83113,GSE83113,BLOCKED_INPUT_OR_DESIGN,EXISTING_PROJECT_SCOPE,,,
readiness:138:GSE81621,GSE81621,BLOCKED_INPUT_OR_DESIGN,EXISTING_PROJECT_SCOPE,,,
readiness:139:GSE80805,GSE80805,BLOCKED_INPUT_OR_DESIGN,EXISTING_PROJECT_SCOPE,,,
readiness:140:GSE80225,GSE80225,BLOCKED_INPUT_OR_DESIGN,EXISTING_PROJECT_SCOPE,,,
readiness:141:GSE77599,GSE77599,BLOCKED_INPUT_OR_DESIGN,EXISTING_PROJECT_SCOPE,,,
readiness:142:GSE76013,GSE76013,BLOCKED_INPUT_OR_DESIGN,EXISTING_PROJECT_SCOPE,,,
readiness:143:GSE75679,GSE75679,COMPLETED_SCOPED,EXISTING_PROJECT_SCOPE,,,GSE75679_Fatigue_Methylation_Exploratory_20261007_v1
readiness:144:GSE75214,GSE75214,REFERENCE_QUESTION_NOT_FIT_CLEARED,CROSS_DISEASE_CONTEXT,,,
readiness:145:GSE72500,GSE72500,REFERENCE_QUESTION_NOT_FIT_CLEARED,DIRECT_AUTOANTIGEN_MECHANISM_REFERENCE,,,
readiness:146:GSE66795,GSE66795,BLOCKED_INPUT_OR_DESIGN,EXISTING_PROJECT_SCOPE,,,
readiness:147:GSE66538,GSE66538,OUTSIDE_SCOPE,RETAIN_NO_JUSTIFIED_REFERENCE,,,
readiness:148:GSE66280,GSE66280,OUTSIDE_SCOPE,RETAIN_NO_JUSTIFIED_REFERENCE,,,
readiness:149:GSE65182,GSE65182,OUTSIDE_SCOPE,RETAIN_NO_JUSTIFIED_REFERENCE,,,
readiness:150:GSE62176,GSE62176,BLOCKED_INPUT_OR_DESIGN,EXISTING_PROJECT_SCOPE,,,
readiness:151:GSE53384,GSE53384,OUTSIDE_SCOPE,RETAIN_NO_JUSTIFIED_REFERENCE,,,
readiness:152:GSE53383,GSE53383,OUTSIDE_SCOPE,RETAIN_NO_JUSTIFIED_REFERENCE,,,
readiness:153:GSE53382,GSE53382,OUTSIDE_SCOPE,RETAIN_NO_JUSTIFIED_REFERENCE,,,
readiness:154:GSE51092,GSE51092,BLOCKED_INPUT_OR_DESIGN,EXISTING_PROJECT_SCOPE,,,
readiness:155:GSE48378,GSE48378,BLOCKED_INPUT_OR_DESIGN,EXISTING_PROJECT_SCOPE,,,
readiness:156:GSE48139,GSE48139,COMPLETED_SCOPED,EXISTING_PROJECT_SCOPE,,,GSE48139_Age_Exploratory_20261007_v1
readiness:157:GSE40568,GSE40568,COMPLETED_SCOPED,EXISTING_PROJECT_SCOPE,,,
readiness:158:GSE37155,GSE37155,REFERENCE_QUESTION_NOT_FIT_CLEARED,LOW_PRIORITY_ALLERGIC_REFERENCE,,,
readiness:159:GSE36378,GSE36378,COMPLETED_SCOPED,EXISTING_PROJECT_SCOPE,,,GSE36378_Normal_Age_Exploratory_20261007_v1
readiness:160:GSE26263,GSE26263,OUTSIDE_SCOPE,RETAIN_NO_JUSTIFIED_REFERENCE,,,
readiness:161:GSE15640,GSE15640,COMPLETED_SCOPED,EXISTING_PROJECT_SCOPE,,,GSE15640_Age_Exploratory_20261007_v1
readiness:162:GSE8270,GSE8270,OUTSIDE_SCOPE,RETAIN_NO_JUSTIFIED_REFERENCE,,,
readiness:163:GSE7451,GSE7451,COMPLETED_SCOPED,EXISTING_PROJECT_SCOPE,,,
readiness:164:GSE4808,GSE4808,OUTSIDE_SCOPE,RETAIN_NO_JUSTIFIED_REFERENCE,,,
readiness:165:GSE1905,GSE1905,OUTSIDE_SCOPE,RETAIN_NO_JUSTIFIED_REFERENCE,,,
readiness:166:HRA003613,HRA003613,BLOCKED_INPUT_OR_DESIGN,EXISTING_PROJECT_SCOPE,,,
readiness:167:10884425,10884425,BLOCKED_INPUT_OR_DESIGN,EXISTING_PROJECT_SCOPE,,,
readiness:168:HRA001355,HRA001355,BLOCKED_INPUT_OR_DESIGN,EXISTING_PROJECT_SCOPE,,,
readiness:169:JGAS000773 / JGAD000915,JGAS000773 / JGAD000915,BLOCKED_INPUT_OR_DESIGN,EXISTING_PROJECT_SCOPE,,,
readiness:170:JGAS000808,JGAS000808,BLOCKED_INPUT_OR_DESIGN,EXISTING_PROJECT_SCOPE,,,
readiness:171:phs002446.v1.p1,phs002446.v1.p1,BLOCKED_INPUT_OR_DESIGN,EXISTING_PROJECT_SCOPE,,,
readiness:172:21bbfaec-6958-46bc-b1cd-1535752f6304,21bbfaec-6958-46bc-b1cd-1535752f6304,BLOCKED_INPUT_OR_DESIGN,EXISTING_PROJECT_SCOPE,,,
readiness:173:PRJCA012383,PRJCA012383,BLOCKED_INPUT_OR_DESIGN,EXISTING_PROJECT_SCOPE,,,
readiness:174:E-MTAB-8277,E-MTAB-8277,BLOCKED_INPUT_OR_DESIGN,EXISTING_PROJECT_SCOPE,,,
readiness:175:E-MTAB-10517,E-MTAB-10517,BLOCKED_INPUT_OR_DESIGN,EXISTING_PROJECT_SCOPE,E_MTAB10517_Author_Statistics_20261007_v1,554e722543463cd3c575550ec16e36d47144adc1f181b4959fdcff9564595bb7,
readiness:176:E-MTAB-5504,E-MTAB-5504,BLOCKED_INPUT_OR_DESIGN,EXISTING_PROJECT_SCOPE,,,
readiness:177:E-MTAB-5505,E-MTAB-5505,BLOCKED_INPUT_OR_DESIGN,EXISTING_PROJECT_SCOPE,,,
readiness:178:E-MTAB-5506,E-MTAB-5506,BLOCKED_INPUT_OR_DESIGN,EXISTING_PROJECT_SCOPE,,,
readiness:179:PXD016231,PXD016231,BLOCKED_INPUT_OR_DESIGN,EXISTING_PROJECT_SCOPE,,,
readiness:180:PXD041452,PXD041452,BLOCKED_INPUT_OR_DESIGN,EXISTING_PROJECT_SCOPE,,,
readiness:181:PXD060937,PXD060937,BLOCKED_INPUT_OR_DESIGN,EXISTING_PROJECT_SCOPE,,,
readiness:182:PXD081746,PXD081746,BLOCKED_INPUT_OR_DESIGN,EXISTING_PROJECT_SCOPE,,,
readiness:183:PXD025649,PXD025649,COMPLETED_SCOPED,EXISTING_PROJECT_SCOPE,,,
readiness:184:SDY1765,SDY1765,BLOCKED_INPUT_OR_DESIGN,EXISTING_PROJECT_SCOPE,,,
readiness:185:SCP738,SCP738,BLOCKED_INPUT_OR_DESIGN,EXISTING_PROJECT_SCOPE,,,
readiness:186:E-MTAB-10948,E-MTAB-10948,REFERENCE_QUESTION_NOT_FIT_CLEARED,CROSS_DISEASE_TREG_REFERENCE,,,
readiness:187:HRA000911,HRA000911,BLOCKED_INPUT_OR_DESIGN,EXISTING_PROJECT_SCOPE,,,
readiness:188:HRA000916,HRA000916,BLOCKED_INPUT_OR_DESIGN,EXISTING_PROJECT_SCOPE,,,
readiness:189:HRA006656,HRA006656,BLOCKED_INPUT_OR_DESIGN,EXISTING_PROJECT_SCOPE,,,
readiness:190:HRA010153,HRA010153,BLOCKED_INPUT_OR_DESIGN,EXISTING_PROJECT_SCOPE,,,
readiness:191:HRA010203,HRA010203,BLOCKED_INPUT_OR_DESIGN,EXISTING_PROJECT_SCOPE,,,
readiness:192:phs000672,phs000672,BLOCKED_INPUT_OR_DESIGN,EXISTING_PROJECT_SCOPE,,,
readiness:193:phs003048,phs003048,BLOCKED_INPUT_OR_DESIGN,EXISTING_PROJECT_SCOPE,,,
readiness:194:PXD055629,PXD055629,BLOCKED_INPUT_OR_DESIGN,EXISTING_PROJECT_SCOPE,,,
readiness:195:PRJNA1062333,PRJNA1062333,BLOCKED_INPUT_OR_DESIGN,EXISTING_PROJECT_SCOPE,,,
readiness:196:PRJNA1066294,PRJNA1066294,COMPLETED_SCOPED,EXISTING_PROJECT_SCOPE,,,
readiness:197:PRJNA1174737,PRJNA1174737,BLOCKED_INPUT_OR_DESIGN,EXISTING_PROJECT_SCOPE,,,
readiness:198:PRJNA1458513,PRJNA1458513,BLOCKED_INPUT_OR_DESIGN,EXISTING_PROJECT_SCOPE,,,
readiness:199:PRJNA887813,PRJNA887813,COMPLETED_SCOPED,EXISTING_PROJECT_SCOPE,,,
supplementary:GCST90013879,GCST90013879,BLOCKED_INPUT_OR_DESIGN,EXISTING_PROJECT_SCOPE,,,
